<?xml version="1.0" encoding="UTF-8"?>
<GenRun Id="impl_1" LaunchPart="xc7a35tcsg324-3" LaunchTime="1513855467">
  <File Type="PWROPT-DRC" Name="creg_drc_pwropted.rpt"/>
  <File Type="OPT-METHODOLOGY-DRC" Name="creg_methodology_drc_opted.rpt"/>
  <File Type="INIT-TIMING" Name="creg_timing_summary_init.rpt"/>
  <File Type="ROUTE-PWR-RPX" Name="creg_power_routed.rpx"/>
  <File Type="PA-TCL" Name="creg.tcl"/>
  <File Type="OPT-HWDEF" Name="creg.hwdef"/>
  <File Type="RDI-RDI" Name="creg.vdi"/>
  <File Type="OPT-DCP" Name="creg_opt.dcp"/>
  <File Type="OPT-DRC" Name="creg_drc_opted.rpt"/>
  <File Type="OPT-TIMING" Name="creg_timing_summary_opted.rpt"/>
  <File Type="PWROPT-DCP" Name="creg_pwropt.dcp"/>
  <File Type="PWROPT-TIMING" Name="creg_timing_summary_pwropted.rpt"/>
  <File Type="PLACE-DCP" Name="creg_placed.dcp"/>
  <File Type="PLACE-IO" Name="creg_io_placed.rpt"/>
  <File Type="PLACE-CLK" Name="creg_clock_utilization_placed.rpt"/>
  <File Type="PLACE-UTIL" Name="creg_utilization_placed.rpt"/>
  <File Type="PLACE-UTIL-PB" Name="creg_utilization_placed.pb"/>
  <File Type="PLACE-CTRL" Name="creg_control_sets_placed.rpt"/>
  <File Type="PLACE-SIMILARITY" Name="creg_incremental_reuse_placed.rpt"/>
  <File Type="PLACE-PRE-SIMILARITY" Name="creg_incremental_reuse_pre_placed.rpt"/>
  <File Type="PLACE-TIMING" Name="creg_timing_summary_placed.rpt"/>
  <File Type="POSTPLACE-PWROPT-DCP" Name="creg_postplace_pwropt.dcp"/>
  <File Type="POSTPLACE-PWROPT-TIMING" Name="creg_timing_summary_postplace_pwropted.rpt"/>
  <File Type="PHYSOPT-DCP" Name="creg_physopt.dcp"/>
  <File Type="PHYSOPT-DRC" Name="creg_drc_physopted.rpt"/>
  <File Type="PHYSOPT-TIMING" Name="creg_timing_summary_physopted.rpt"/>
  <File Type="ROUTE-ERROR-DCP" Name="creg_routed_error.dcp"/>
  <File Type="ROUTE-DCP" Name="creg_routed.dcp"/>
  <File Type="ROUTE-BLACKBOX-DCP" Name="creg_routed_bb.dcp"/>
  <File Type="ROUTE-DRC" Name="creg_drc_routed.rpt"/>
  <File Type="ROUTE-DRC-PB" Name="creg_drc_routed.pb"/>
  <File Type="BG-BIN" Name="creg.bin"/>
  <File Type="ROUTE-DRC-RPX" Name="creg_drc_routed.rpx"/>
  <File Type="BG-DRC" Name="creg.drc"/>
  <File Type="ROUTE-METHODOLOGY-DRC" Name="creg_methodology_drc_routed.rpt"/>
  <File Type="BITSTR-MSK" Name="creg.msk"/>
  <File Type="ROUTE-METHODOLOGY-DRC-RPX" Name="creg_methodology_drc_routed.rpx"/>
  <File Type="BG-BGN" Name="creg.bgn"/>
  <File Type="ROUTE-METHODOLOGY-DRC-PB" Name="creg_methodology_drc_routed.pb"/>
  <File Type="ROUTE-PWR" Name="creg_power_routed.rpt"/>
  <File Type="ROUTE-PWR-SUM" Name="creg_power_summary_routed.pb"/>
  <File Type="ROUTE-STATUS" Name="creg_route_status.rpt"/>
  <File Type="ROUTE-STATUS-PB" Name="creg_route_status.pb"/>
  <File Type="ROUTE-TIMINGSUMMARY" Name="creg_timing_summary_routed.rpt"/>
  <File Type="ROUTE-TIMING-PB" Name="creg_timing_summary_routed.pb"/>
  <File Type="ROUTE-TIMING-RPX" Name="creg_timing_summary_routed.rpx"/>
  <File Type="ROUTE-SIMILARITY" Name="creg_incremental_reuse_routed.rpt"/>
  <File Type="ROUTE-CLK" Name="creg_clock_utilization_routed.rpt"/>
  <File Type="POSTROUTE-PHYSOPT-DCP" Name="creg_postroute_physopt.dcp"/>
  <File Type="POSTROUTE-PHYSOPT-BLACKBOX-DCP" Name="creg_postroute_physopt_bb.dcp"/>
  <File Type="POSTROUTE-PHYSOPT-TIMING" Name="creg_timing_summary_postroute_physopted.rpt"/>
  <File Type="POSTROUTE-PHYSOPT-TIMING-PB" Name="creg_timing_summary_postroute_physopted.pb"/>
  <File Type="POSTROUTE-PHYSOPT-TIMING-RPX" Name="creg_timing_summary_postroute_physopted.rpx"/>
  <File Type="BG-BIT" Name="creg.bit"/>
  <File Type="BITSTR-RBT" Name="creg.rbt"/>
  <File Type="BITSTR-NKY" Name="creg.nky"/>
  <File Type="BITSTR-BMM" Name="creg_bd.bmm"/>
  <File Type="BITSTR-MMI" Name="creg.mmi"/>
  <File Type="BITSTR-SYSDEF" Name="creg.sysdef"/>
  <File Type="WBT-USG" Name="usage_statistics_webtalk.html"/>
  <FileSet Name="sources" Type="DesignSrcs" RelSrcDir="$PSRCDIR/sources_1">
    <Filter Type="Srcs"/>
    <File Path="$PSRCDIR/sources_1/new/pipe.v">
      <FileInfo>
        <Attr Name="UsedIn" Val="synthesis"/>
        <Attr Name="UsedIn" Val="implementation"/>
        <Attr Name="UsedIn" Val="simulation"/>
      </FileInfo>
    </File>
    <Config>
      <Option Name="DesignMode" Val="RTL"/>
      <Option Name="TopModule" Val="creg"/>
      <Option Name="TopAutoSet" Val="TRUE"/>
    </Config>
  </FileSet>
  <FileSet Name="constrs_in" Type="Constrs" RelSrcDir="$PSRCDIR/constrs_1">
    <Filter Type="Constrs"/>
    <Config>
      <Option Name="ConstrsType" Val="XDC"/>
    </Config>
  </FileSet>
  <Strategy Version="1" Minor="2">
    <StratHandle Name="Vivado Implementation Defaults" Flow="Vivado Implementation 2015"/>
    <Step Id="init_design"/>
    <Step Id="opt_design"/>
    <Step Id="power_opt_design"/>
    <Step Id="place_design"/>
    <Step Id="post_place_power_opt_design"/>
    <Step Id="phys_opt_design"/>
    <Step Id="route_design"/>
    <Step Id="post_route_phys_opt_design"/>
    <Step Id="write_bitstream"/>
  </Strategy>
</GenRun>
