<?xml version="1.0" encoding="UTF-8"?>
<GenRun Id="synth_1" LaunchPart="xc7a35tcsg324-3" LaunchTime="1513855466">
  <File Type="RDS-PROPCONSTRS" Name="creg_drc_synth.rpt"/>
  <File Type="PA-TCL" Name="creg.tcl"/>
  <File Type="RDS-RDS" Name="creg.vds"/>
  <File Type="RDS-UTIL" Name="creg_utilization_synth.rpt"/>
  <File Type="RDS-UTIL-PB" Name="creg_utilization_synth.pb"/>
  <File Type="RDS-DCP" Name="creg.dcp"/>
  <File Type="VDS-TIMINGSUMMARY" Name="creg_timing_summary_synth.rpt"/>
  <File Type="VDS-TIMING-PB" Name="creg_timing_summary_synth.pb"/>
  <FileSet Name="sources" Type="DesignSrcs" RelSrcDir="$PSRCDIR/sources_1">
    <Filter Type="Srcs"/>
    <File Path="$PSRCDIR/sources_1/new/pipe.v">
      <FileInfo>
        <Attr Name="UsedIn" Val="synthesis"/>
        <Attr Name="UsedIn" Val="implementation"/>
        <Attr Name="UsedIn" Val="simulation"/>
      </FileInfo>
    </File>
    <Config>
      <Option Name="DesignMode" Val="RTL"/>
      <Option Name="TopModule" Val="creg"/>
      <Option Name="TopAutoSet" Val="TRUE"/>
    </Config>
  </FileSet>
  <FileSet Name="constrs_in" Type="Constrs" RelSrcDir="$PSRCDIR/constrs_1">
    <Filter Type="Constrs"/>
    <Config>
      <Option Name="ConstrsType" Val="XDC"/>
    </Config>
  </FileSet>
  <Strategy Version="1" Minor="2">
    <StratHandle Name="Vivado Synthesis Defaults" Flow="Vivado Synthesis 2015"/>
    <Step Id="synth_design"/>
  </Strategy>
</GenRun>
